{
  "xgb_best_params": {
    "max_depth": 4,
    "min_child_weight": 4,
    "gamma": 0.24996562308333448,
    "n_estimators": 939,
    "learning_rate": 0.0187461610475932,
    "reg_alpha": 1.988946461529063e-07,
    "reg_lambda": 0.46701873302377633,
    "subsample": 0.9503508648744903,
    "colsample_bytree": 0.8961065913530792,
    "scale_pos_weight": 5.653835430773129,
    "eval_metric": "logloss",
    "random_state": 42,
    "n_jobs": -1,
    "verbosity": 0
  },
  "lgbm_best_params": {
    "n_estimators": 664,
    "max_depth": 3,
    "learning_rate": 0.02726507997138267,
    "num_leaves": 142,
    "min_child_samples": 39,
    "subsample": 0.855664194880741,
    "colsample_bytree": 0.697234018166104,
    "reg_alpha": 0.0004994319742925842,
    "reg_lambda": 7.257689266861077e-08,
    "class_weight": "balanced",
    "random_state": 42,
    "n_jobs": -1,
    "verbose": -1
  },
  "xgb_best_mae": 0.11107804795102874,
  "lgbm_best_mae": 0.11095051861928243
}